[{"children":[],"tagClassName":"selected-item","checked":false,"className":"parent-category","label":"Antarctica","value":"antarctica","labels":["GEOGRAPHY"]},{"children":[{"tagClassName":"selected-item","checked":false,"label":"Republic of Kosovo","value":"republic_of_kosovo","labels":["GEOGRAPHY"]},{"tagClassName":"selected-item","checked":false,"label":"Ukraine","value":"ukraine","labels":["GEOGRAPHY"]},{"children":[],"tagClassName":"selected-item","checked":false,"className":"parent-category","label":"European Free Trade Association","value":"european_free_trade_association","labels":["GEOGRAPHY"]},{"children":[{"tagClassName":"selected-item","checked":false,"label":"Austria","value":"austria","labels":["GEOGRAPHY"]},{"tagClassName":"selected-item","checked":false,"label":"Belgium","value":"belgium","labels":["GEOGRAPHY"]},{"tagClassName":"selected-item","checked":false,"label":"Malta","value":"malta","labels":["GEOGRAPHY"]},{"tagClassName":"selected-item","checked":false,"label":"Ireland","value":"ireland","labels":["GEOGRAPHY"]},{"tagClassName":"selected-item","checked":false,"label":"Italy","value":"italy","labels":["GEOGRAPHY"]},{"tagClassName":"selected-item","checked":false,"label":"Germany","value":"germany","labels":["GEOGRAPHY"]},{"tagClassName":"selected-item","checked":false,"label":"Portugal","value":"portugal","labels":["GEOGRAPHY"]},{"tagClassName":"selected-item","checked":false,"label":"Spain","value":"spain","labels":["GEOGRAPHY"]},{"tagClassName":"selected-item","checked":false,"label":"Sweden","value":"sweden","labels":["GEOGRAPHY"]},{"children":[{"tagClassName":"selected-item","checked":false,"label":"Wallis and Futuna","value":"wallis_and_futuna","labels":["GEOGRAPHY"]},{"tagClassName":"selected-item","checked":false,"label":"French Polynesia","value":"french_polynesia","labels":["GEOGRAPHY"]},{"tagClassName":"selected-item","checked":false,"label":"French Southern and Antarctic Lands","value":"french_southern_and_antarctic_lands","labels":["GEOGRAPHY"]},{"tagClassName":"selected-item","checked":false,"label":"New Caledonia","value":"new_caledonia","labels":["GEOGRAPHY"]},{"tagClassName":"selected-item","checked":false,"label":"Saint Pierre and Miquelon","value":"saint_pierre_and_miquelon","labels":["GEOGRAPHY"]},{"tagClassName":"selected-item","checked":false,"label":"Saint Martin","value":"saint_martin","labels":["GEOGRAPHY"]}],"tagClassName":"selected-item","checked":false,"className":"parent-category","label":"France","value":"france","labels":["GEOGRAPHY"]},{"tagClassName":"selected-item","checked":false,"label":"Greece","value":"greece","labels":["GEOGRAPHY"]},{"tagClassName":"selected-item","checked":false,"label":"Slovenia","value":"slovenia","labels":["GEOGRAPHY"]},{"tagClassName":"selected-item","checked":false,"label":"Hungary","value":"hungary","labels":["GEOGRAPHY"]},{"children":[{"tagClassName":"selected-item","checked":false,"label":"Aland","value":"aland","labels":["GEOGRAPHY"]}],"tagClassName":"selected-item","checked":false,"className":"parent-category","label":"Finland","value":"finland","labels":["GEOGRAPHY"]},{"tagClassName":"selected-item","checked":false,"label":"Slovakia","value":"slovakia","labels":["GEOGRAPHY"]},{"tagClassName":"selected-item","checked":false,"label":"Romania","value":"romania","labels":["GEOGRAPHY"]},{"children":[{"tagClassName":"selected-item","checked":false,"label":"Faroe Islands","value":"faroe_islands","labels":["GEOGRAPHY"]},{"tagClassName":"selected-item","checked":false,"label":"Greenland","value":"greenland","labels":["GEOGRAPHY"]}],"tagClassName":"selected-item","checked":false,"className":"parent-category","label":"Denmark","value":"denmark","labels":["GEOGRAPHY"]},{"tagClassName":"selected-item","checked":false,"label":"Poland","value":"poland","labels":["GEOGRAPHY"]},{"tagClassName":"selected-item","checked":false,"label":"Estonia","value":"estonia","labels":["GEOGRAPHY"]},{"tagClassName":"selected-item","checked":false,"label":"Croatia","value":"croatia","labels":["GEOGRAPHY"]},{"tagClassName":"selected-item","checked":false,"label":"Cyprus","value":"cyprus","labels":["GEOGRAPHY"]},{"tagClassName":"selected-item","checked":false,"label":"Czech Republic","value":"czech_republic","labels":["GEOGRAPHY"]},{"children":[{"tagClassName":"selected-item","checked":false,"label":"Curaçao","value":"curacao","labels":["GEOGRAPHY"]},{"tagClassName":"selected-item","checked":false,"label":"Sint Maarten","value":"sint_marteen","labels":["GEOGRAPHY"]}],"tagClassName":"selected-item","checked":false,"className":"parent-category","label":"Netherlands","value":"netherlands","labels":["GEOGRAPHY"]},{"tagClassName":"selected-item","checked":false,"label":"Latvia","value":"latvia","labels":["GEOGRAPHY"]},{"tagClassName":"selected-item","checked":false,"label":"Bulgaria","value":"bulgaria","labels":["GEOGRAPHY"]},{"tagClassName":"selected-item","checked":false,"label":"Lithuania","value":"lithuania","labels":["GEOGRAPHY"]},{"tagClassName":"selected-item","checked":false,"label":"Luxembourg","value":"luxembourg","labels":["GEOGRAPHY"]}],"tagClassName":"selected-item","checked":false,"className":"parent-category","label":"EU","value":"eu","labels":["GEOGRAPHY"]},{"tagClassName":"selected-item","checked":false,"label":"Albania","value":"albania","labels":["GEOGRAPHY"]},{"tagClassName":"selected-item","checked":false,"label":"Andorra","value":"andorra","labels":["GEOGRAPHY"]},{"tagClassName":"selected-item","checked":false,"label":"Belarus","value":"belarus","labels":["GEOGRAPHY"]},{"tagClassName":"selected-item","checked":false,"label":"Bosnia and Herzegovina","value":"bosnia_and_herzegovina","labels":["GEOGRAPHY"]},{"tagClassName":"selected-item","checked":false,"label":"Georgia","value":"georgia","labels":["GEOGRAPHY"]},{"tagClassName":"selected-item","checked":false,"label":"Vatican","value":"vatican","labels":["GEOGRAPHY"]},{"tagClassName":"selected-item","checked":false,"label":"Iceland","value":"iceland","labels":["GEOGRAPHY"]},{"tagClassName":"selected-item","checked":false,"label":"Liechtenstein","value":"liechtenstein","labels":["GEOGRAPHY"]},{"tagClassName":"selected-item","checked":false,"label":"Macedonia","value":"macedonia","labels":["GEOGRAPHY"]},{"tagClassName":"selected-item","checked":false,"label":"Moldova","value":"moldova","labels":["GEOGRAPHY"]},{"tagClassName":"selected-item","checked":false,"label":"Monaco","value":"monaco","labels":["GEOGRAPHY"]},{"tagClassName":"selected-item","checked":false,"label":"Montenegro","value":"montenegro","labels":["GEOGRAPHY"]},{"tagClassName":"selected-item","checked":false,"label":"Norway","value":"norway","labels":["GEOGRAPHY"]},{"tagClassName":"selected-item","checked":false,"label":"Serbia","value":"serbia","labels":["GEOGRAPHY"]},{"tagClassName":"selected-item","checked":false,"label":"San Marino","value":"san_marino","labels":["GEOGRAPHY"]},{"tagClassName":"selected-item","checked":false,"label":"Switzerland","value":"switzerland","labels":["GEOGRAPHY"]}],"tagClassName":"selected-item","checked":false,"className":"parent-category","label":"Europe","value":"europe","labels":["GEOGRAPHY"]},{"children":[{"children":[{"tagClassName":"selected-item","checked":false,"label":"United States Minor Outlying Islands","value":"united_states_minor_outlying_islands","labels":["GEOGRAPHY"]},{"tagClassName":"selected-item","checked":false,"label":"United States Virgin Islands","value":"united_states_virgin_islands","labels":["GEOGRAPHY"]},{"tagClassName":"selected-item","checked":false,"label":"Northern Mariana Islands","value":"northern_mariana_islands","labels":["GEOGRAPHY"]}],"tagClassName":"selected-item","checked":false,"className":"parent-category","label":"United States","value":"usa","labels":["GEOGRAPHY"]},{"tagClassName":"selected-item","checked":false,"label":"Bahamas","value":"bahamas","labels":["GEOGRAPHY"]},{"tagClassName":"selected-item","checked":false,"label":"Antigua and Barbuda","value":"antigua_and_barbuda","labels":["GEOGRAPHY"]},{"tagClassName":"selected-item","checked":false,"label":"Anguilla","value":"anguilla","labels":["GEOGRAPHY"]},{"tagClassName":"selected-item","checked":false,"label":"Barbados","value":"barbados","labels":["GEOGRAPHY"]},{"tagClassName":"selected-item","checked":false,"label":"Belize","value":"belize","labels":["GEOGRAPHY"]},{"tagClassName":"selected-item","checked":false,"label":"Canada","value":"canada","labels":["GEOGRAPHY"]},{"tagClassName":"selected-item","checked":false,"label":"Costa Rica","value":"costa_rica","labels":["GEOGRAPHY"]},{"tagClassName":"selected-item","checked":false,"label":"Cuba","value":"cuba","labels":["GEOGRAPHY"]},{"tagClassName":"selected-item","checked":false,"label":"Dominica","value":"dominica","labels":["GEOGRAPHY"]},{"tagClassName":"selected-item","checked":false,"label":"Dominican Republic","value":"dominican_republic","labels":["GEOGRAPHY"]},{"tagClassName":"selected-item","checked":false,"label":"El Salvador","value":"el_salvador","labels":["GEOGRAPHY"]},{"tagClassName":"selected-item","checked":false,"label":"Guatemala","value":"guatemala","labels":["GEOGRAPHY"]},{"tagClassName":"selected-item","checked":false,"label":"Grenada","value":"grenada","labels":["GEOGRAPHY"]},{"tagClassName":"selected-item","checked":false,"label":"Honduras","value":"honduras","labels":["GEOGRAPHY"]},{"tagClassName":"selected-item","checked":false,"label":"Haiti","value":"haiti","labels":["GEOGRAPHY"]},{"tagClassName":"selected-item","checked":false,"label":"Jamaica","value":"jamaica","labels":["GEOGRAPHY"]},{"tagClassName":"selected-item","checked":false,"label":"Mexico","value":"mexico","labels":["GEOGRAPHY"]},{"tagClassName":"selected-item","checked":false,"label":"Nicaragua","value":"nicaragua","labels":["GEOGRAPHY"]},{"tagClassName":"selected-item","checked":false,"label":"Saint Kitts and Nevis","value":"saint_kitts_and_nevis","labels":["GEOGRAPHY"]},{"tagClassName":"selected-item","checked":false,"label":"Saint Barthélemy","value":"saint_barthelemy","labels":["GEOGRAPHY"]},{"tagClassName":"selected-item","checked":false,"label":"Puerto Rico","value":"puerto_rico","labels":["GEOGRAPHY"]},{"tagClassName":"selected-item","checked":false,"label":"Panama","value":"panama","labels":["GEOGRAPHY"]},{"tagClassName":"selected-item","checked":false,"label":"Saint Vincent and the Grenadines","value":"saint_vincent_and_the_grenadines","labels":["GEOGRAPHY"]},{"tagClassName":"selected-item","checked":false,"label":"Saint Lucia","value":"saint_lucia","labels":["GEOGRAPHY"]}],"tagClassName":"selected-item","checked":false,"className":"parent-category","label":"North America","value":"north_america","labels":["GEOGRAPHY"]},{"children":[{"tagClassName":"selected-item","checked":false,"label":"Uruguay","value":"uruguay","labels":["GEOGRAPHY"]},{"tagClassName":"selected-item","checked":false,"label":"Venezuela","value":"venezuela","labels":["GEOGRAPHY"]},{"tagClassName":"selected-item","checked":false,"label":"Aruba","value":"aruba","labels":["GEOGRAPHY"]},{"tagClassName":"selected-item","checked":false,"label":"Argentina","value":"argentina","labels":["GEOGRAPHY"]},{"tagClassName":"selected-item","checked":false,"label":"Bolivia","value":"bolivia","labels":["GEOGRAPHY"]},{"tagClassName":"selected-item","checked":false,"label":"Brazil","value":"brazil","labels":["GEOGRAPHY"]},{"tagClassName":"selected-item","checked":false,"label":"Chile","value":"chile","labels":["GEOGRAPHY"]},{"tagClassName":"selected-item","checked":false,"label":"Colombia","value":"colombia","labels":["GEOGRAPHY"]},{"tagClassName":"selected-item","checked":false,"label":"Ecuador","value":"ecuador","labels":["GEOGRAPHY"]},{"tagClassName":"selected-item","checked":false,"label":"Guyana","value":"guyana","labels":["GEOGRAPHY"]},{"tagClassName":"selected-item","checked":false,"label":"Paraguay","value":"paraguay","labels":["GEOGRAPHY"]},{"tagClassName":"selected-item","checked":false,"label":"Peru","value":"peru","labels":["GEOGRAPHY"]},{"tagClassName":"selected-item","checked":false,"label":"Suriname","value":"suriname","labels":["GEOGRAPHY"]},{"tagClassName":"selected-item","checked":false,"label":"Trinidad and Tobago","value":"trinidad_and_tobago","labels":["GEOGRAPHY"]}],"tagClassName":"selected-item","checked":false,"className":"parent-category","label":"South America","value":"south_america","labels":["GEOGRAPHY"]},{"children":[{"tagClassName":"selected-item","checked":false,"label":"Vanuatu","value":"vanuatu","labels":["GEOGRAPHY"]},{"children":[{"tagClassName":"selected-item","checked":false,"label":"Coral Sea Islands Territory","value":"coral_sea_islands_territory","labels":["GEOGRAPHY"]},{"tagClassName":"selected-item","checked":false,"label":"Heard Island and McDonald Islands","value":"heard_island_and_mcdoland_islands","labels":["GEOGRAPHY"]},{"tagClassName":"selected-item","checked":false,"label":"Norfolk Island","value":"norfolk_island","labels":["GEOGRAPHY"]}],"tagClassName":"selected-item","checked":false,"className":"parent-category","label":"Australia","value":"australia","labels":["GEOGRAPHY"]},{"tagClassName":"selected-item","checked":false,"label":"American Samoa","value":"american_samoa","labels":["GEOGRAPHY"]},{"tagClassName":"selected-item","checked":false,"label":"Cook islands","value":"cook_islands","labels":["GEOGRAPHY"]},{"tagClassName":"selected-item","checked":false,"label":"Fiji","value":"fiji","labels":["GEOGRAPHY"]},{"tagClassName":"selected-item","checked":false,"label":"Guam","value":"guam","labels":["GEOGRAPHY"]},{"tagClassName":"selected-item","checked":false,"label":"Kiribati","value":"kiribati","labels":["GEOGRAPHY"]},{"tagClassName":"selected-item","checked":false,"label":"Marshall Islands","value":"marshall_islands","labels":["GEOGRAPHY"]},{"tagClassName":"selected-item","checked":false,"label":"Nauru","value":"nauru","labels":["GEOGRAPHY"]},{"tagClassName":"selected-item","checked":false,"label":"New Zealand","value":"new_zealand","labels":["GEOGRAPHY"]},{"tagClassName":"selected-item","checked":false,"label":"Micronesia","value":"micronesia","labels":["GEOGRAPHY"]},{"tagClassName":"selected-item","checked":false,"label":"Palau","value":"palau","labels":["GEOGRAPHY"]},{"tagClassName":"selected-item","checked":false,"label":"Niue","value":"niue","labels":["GEOGRAPHY"]},{"tagClassName":"selected-item","checked":false,"label":"Pitcairn Islands","value":"pitcairn_islands","labels":["GEOGRAPHY"]},{"tagClassName":"selected-item","checked":false,"label":"Papua New Guinea","value":"papua_new_guinea","labels":["GEOGRAPHY"]},{"tagClassName":"selected-item","checked":false,"label":"Samoa","value":"samoa","labels":["GEOGRAPHY"]},{"tagClassName":"selected-item","checked":false,"label":"Solomon Islands","value":"solomon_islands","labels":["GEOGRAPHY"]},{"tagClassName":"selected-item","checked":false,"label":"Tuvalu","value":"tuvalu","labels":["GEOGRAPHY"]},{"tagClassName":"selected-item","checked":false,"label":"Tonga","value":"tonga","labels":["GEOGRAPHY"]}],"tagClassName":"selected-item","checked":false,"className":"parent-category","label":"Oceania","value":"oceania","labels":["GEOGRAPHY"]},{"children":[{"tagClassName":"selected-item","checked":false,"label":"Western Sahara","value":"western_sahara","labels":["GEOGRAPHY"]},{"tagClassName":"selected-item","checked":false,"label":"Zambia","value":"zambia","labels":["GEOGRAPHY"]},{"tagClassName":"selected-item","checked":false,"label":"Zimbabwe","value":"zimbabwe","labels":["GEOGRAPHY"]},{"tagClassName":"selected-item","checked":false,"label":"Algeria","value":"algeria","labels":["GEOGRAPHY"]},{"tagClassName":"selected-item","checked":false,"label":"Angola","value":"angola","labels":["GEOGRAPHY"]},{"tagClassName":"selected-item","checked":false,"label":"Benin","value":"benin","labels":["GEOGRAPHY"]},{"tagClassName":"selected-item","checked":false,"label":"Botswana","value":"botswana","labels":["GEOGRAPHY"]},{"tagClassName":"selected-item","checked":false,"label":"Cameroon","value":"cameroon","labels":["GEOGRAPHY"]},{"tagClassName":"selected-item","checked":false,"label":"Burkina Faso","value":"burkina_faso","labels":["GEOGRAPHY"]},{"tagClassName":"selected-item","checked":false,"label":"Tanzania","value":"tanzania","labels":["GEOGRAPHY"]},{"tagClassName":"selected-item","checked":false,"label":"Tunisia","value":"tunisia","labels":["GEOGRAPHY"]},{"tagClassName":"selected-item","checked":false,"label":"Togo","value":"togo","labels":["GEOGRAPHY"]},{"tagClassName":"selected-item","checked":false,"label":"Uganda","value":"uganda","labels":["GEOGRAPHY"]},{"tagClassName":"selected-item","checked":false,"label":"South Africa","value":"south_africa","labels":["GEOGRAPHY"]},{"tagClassName":"selected-item","checked":false,"label":"Somalia","value":"somalia","labels":["GEOGRAPHY"]},{"tagClassName":"selected-item","checked":false,"label":"South Sudan","value":"south_sudan","labels":["GEOGRAPHY"]},{"tagClassName":"selected-item","checked":false,"label":"Swaziland","value":"swaziland","labels":["GEOGRAPHY"]},{"tagClassName":"selected-item","checked":false,"label":"Sudan","value":"sudan","labels":["GEOGRAPHY"]},{"tagClassName":"selected-item","checked":false,"label":"São Tomé and Principe","value":"sao_tome_and_principe","labels":["GEOGRAPHY"]},{"tagClassName":"selected-item","checked":false,"label":"Saudi Arabia","value":"saudi_arabia","labels":["GEOGRAPHY"]},{"tagClassName":"selected-item","checked":false,"label":"Senegal","value":"senegal","labels":["GEOGRAPHY"]},{"tagClassName":"selected-item","checked":false,"label":"Seychelles","value":"seychelles","labels":["GEOGRAPHY"]},{"tagClassName":"selected-item","checked":false,"label":"Sierra Leone","value":"sierra_leone","labels":["GEOGRAPHY"]},{"tagClassName":"selected-item","checked":false,"label":"Rwanda","value":"rwanda","labels":["GEOGRAPHY"]},{"tagClassName":"selected-item","checked":false,"label":"Niger","value":"niger","labels":["GEOGRAPHY"]},{"tagClassName":"selected-item","checked":false,"label":"Nigeria","value":"nigeria","labels":["GEOGRAPHY"]},{"tagClassName":"selected-item","checked":false,"label":"Morocco","value":"morocco","labels":["GEOGRAPHY"]},{"tagClassName":"selected-item","checked":false,"label":"Namibia","value":"namibia","labels":["GEOGRAPHY"]},{"tagClassName":"selected-item","checked":false,"label":"Mozambique","value":"mozambique","labels":["GEOGRAPHY"]},{"tagClassName":"selected-item","checked":false,"label":"Madagascar","value":"madagascar","labels":["GEOGRAPHY"]},{"tagClassName":"selected-item","checked":false,"label":"Malawi","value":"malawi","labels":["GEOGRAPHY"]},{"tagClassName":"selected-item","checked":false,"label":"Libya","value":"libya","labels":["GEOGRAPHY"]},{"tagClassName":"selected-item","checked":false,"label":"Mauritania","value":"mauritania","labels":["GEOGRAPHY"]},{"tagClassName":"selected-item","checked":false,"label":"Mauritius","value":"mauritius","labels":["GEOGRAPHY"]},{"tagClassName":"selected-item","checked":false,"label":"Mali","value":"mali","labels":["GEOGRAPHY"]},{"tagClassName":"selected-item","checked":false,"label":"Kenya","value":"kenya","labels":["GEOGRAPHY"]},{"tagClassName":"selected-item","checked":false,"label":"Liberia","value":"liberia","labels":["GEOGRAPHY"]},{"tagClassName":"selected-item","checked":false,"label":"Lesotho","value":"lesotho","labels":["GEOGRAPHY"]},{"tagClassName":"selected-item","checked":false,"label":"Guinea","value":"guinea","labels":["GEOGRAPHY"]},{"tagClassName":"selected-item","checked":false,"label":"Guinea-Bissau","value":"guinea_bissau","labels":["GEOGRAPHY"]},{"tagClassName":"selected-item","checked":false,"label":"Ghana","value":"ghana","labels":["GEOGRAPHY"]},{"tagClassName":"selected-item","checked":false,"label":"Gambia","value":"gambia","labels":["GEOGRAPHY"]},{"tagClassName":"selected-item","checked":false,"label":"Gabon","value":"gabon","labels":["GEOGRAPHY"]},{"tagClassName":"selected-item","checked":false,"label":"Ethiopia","value":"ethiopia","labels":["GEOGRAPHY"]},{"tagClassName":"selected-item","checked":false,"label":"Equatorial Guinea","value":"equatorial_guinea","labels":["GEOGRAPHY"]},{"tagClassName":"selected-item","checked":false,"label":"Eritrea","value":"eritrea","labels":["GEOGRAPHY"]},{"tagClassName":"selected-item","checked":false,"label":"Egypt","value":"egypt","labels":["GEOGRAPHY"]},{"tagClassName":"selected-item","checked":false,"label":"Djibouti","value":"djibouti","labels":["GEOGRAPHY"]},{"tagClassName":"selected-item","checked":false,"label":"Ivory Coast","value":"ivory_coast","labels":["GEOGRAPHY"]},{"tagClassName":"selected-item","checked":false,"label":"Congo","value":"congo","labels":["GEOGRAPHY"]},{"tagClassName":"selected-item","checked":false,"label":"Democratic Republic of the Congo","value":"democratic_republic_of_congo","labels":["GEOGRAPHY"]},{"tagClassName":"selected-item","checked":false,"label":"Comoros","value":"comoros","labels":["GEOGRAPHY"]},{"tagClassName":"selected-item","checked":false,"label":"Central African Republic","value":"central_african_republic","labels":["GEOGRAPHY"]},{"tagClassName":"selected-item","checked":false,"label":"Chad","value":"chad","labels":["GEOGRAPHY"]},{"tagClassName":"selected-item","checked":false,"label":"Cape_Verde","value":"cape_verde","labels":["GEOGRAPHY"]},{"tagClassName":"selected-item","checked":false,"label":"Burundi","value":"burundi","labels":["GEOGRAPHY"]}],"tagClassName":"selected-item","checked":false,"className":"parent-category","label":"Africa","value":"africa","labels":["GEOGRAPHY"]},{"children":[{"tagClassName":"selected-item","checked":false,"label":"Yemen","value":"yemen","labels":["GEOGRAPHY"]},{"tagClassName":"selected-item","checked":false,"label":"United Arab Emirates","value":"united_arab_emirates","labels":["GEOGRAPHY"]},{"tagClassName":"selected-item","checked":false,"label":"Thailand","value":"thailand","labels":["GEOGRAPHY"]},{"tagClassName":"selected-item","checked":false,"label":"Timor-Leste","value":"timor_lest","labels":["GEOGRAPHY"]},{"tagClassName":"selected-item","checked":false,"label":"Tajikistan","value":"tajikistan","labels":["GEOGRAPHY"]},{"tagClassName":"selected-item","checked":false,"label":"Turkmenistan","value":"turkmenistan","labels":["GEOGRAPHY"]},{"tagClassName":"selected-item","checked":false,"label":"Turkey","value":"turkey","labels":["GEOGRAPHY"]},{"tagClassName":"selected-item","checked":false,"label":"Sri Lanka","value":"sri_lanka","labels":["GEOGRAPHY"]},{"tagClassName":"selected-item","checked":false,"label":"Taiwan","value":"taiwan","labels":["GEOGRAPHY"]},{"tagClassName":"selected-item","checked":false,"label":"Syria","value":"syria","labels":["GEOGRAPHY"]},{"tagClassName":"selected-item","checked":false,"label":"Singapore","value":"singapore","labels":["GEOGRAPHY"]},{"tagClassName":"selected-item","checked":false,"label":"Philippines","value":"philippines","labels":["GEOGRAPHY"]},{"tagClassName":"selected-item","checked":false,"label":"Qatar","value":"qatar","labels":["GEOGRAPHY"]},{"tagClassName":"selected-item","checked":false,"label":"Russia","value":"russia","labels":["GEOGRAPHY"]},{"tagClassName":"selected-item","checked":false,"label":"Palestine","value":"palestine","labels":["GEOGRAPHY"]},{"tagClassName":"selected-item","checked":false,"label":"Oman","value":"oman","labels":["GEOGRAPHY"]},{"tagClassName":"selected-item","checked":false,"label":"Pakistan","value":"pakistan","labels":["GEOGRAPHY"]},{"tagClassName":"selected-item","checked":false,"label":"Mongolia","value":"mongolia","labels":["GEOGRAPHY"]},{"tagClassName":"selected-item","checked":false,"label":"Nepal","value":"nepal","labels":["GEOGRAPHY"]},{"tagClassName":"selected-item","checked":false,"label":"Myanmar","value":"myanmar","labels":["GEOGRAPHY"]},{"tagClassName":"selected-item","checked":false,"label":"Malaysia","value":"malaysia","labels":["GEOGRAPHY"]},{"tagClassName":"selected-item","checked":false,"label":"Maldives","value":"maldives","labels":["GEOGRAPHY"]},{"tagClassName":"selected-item","checked":false,"label":"Kazakhstan","value":"kazakhstan","labels":["GEOGRAPHY"]},{"tagClassName":"selected-item","checked":false,"label":"Democratic Republic of Korea","value":"democratic_republic_of_korea","labels":["GEOGRAPHY"]},{"tagClassName":"selected-item","checked":false,"label":"Japan","value":"japan","labels":["GEOGRAPHY"]},{"tagClassName":"selected-item","checked":false,"label":"Jordan","value":"jordan","labels":["GEOGRAPHY"]},{"tagClassName":"selected-item","checked":false,"label":"Lebanon","value":"lebanon","labels":["GEOGRAPHY"]},{"tagClassName":"selected-item","checked":false,"label":"Lao People's Democratic Republic","value":"laos","labels":["GEOGRAPHY"]},{"tagClassName":"selected-item","checked":false,"label":"South Korea","value":"south_korea","labels":["GEOGRAPHY"]},{"tagClassName":"selected-item","checked":false,"label":"Kyrgyzstan","value":"kyrgyzstan","labels":["GEOGRAPHY"]},{"tagClassName":"selected-item","checked":false,"label":"Kuwait","value":"kuwait","labels":["GEOGRAPHY"]},{"tagClassName":"selected-item","checked":false,"label":"Iraq","value":"iraq","labels":["GEOGRAPHY"]},{"tagClassName":"selected-item","checked":false,"label":"Iran","value":"iran","labels":["GEOGRAPHY"]},{"tagClassName":"selected-item","checked":false,"label":"Indonesia","value":"indonesia","labels":["GEOGRAPHY"]},{"tagClassName":"selected-item","checked":false,"label":"Israel","value":"israel","labels":["GEOGRAPHY"]},{"tagClassName":"selected-item","checked":false,"label":"Hong Kong","value":"hong_kong","labels":["GEOGRAPHY"]},{"children":[{"tagClassName":"selected-item","checked":false,"label":"Rajasthan","value":"rajasthan","labels":["GEOGRAPHY"]},{"tagClassName":"selected-item","checked":false,"label":"Punjab","value":"punjab","labels":["GEOGRAPHY"]},{"tagClassName":"selected-item","checked":false,"label":"Sikkim","value":"sikkim","labels":["GEOGRAPHY"]},{"tagClassName":"selected-item","checked":false,"label":"Maharashtra","value":"maharashtra","labels":["GEOGRAPHY"]},{"tagClassName":"selected-item","checked":false,"label":"Madhya Pradesh","value":"madhya_pradesh","labels":["GEOGRAPHY"]},{"tagClassName":"selected-item","checked":false,"label":"Meghalaya","value":"meghalaya","labels":["GEOGRAPHY"]},{"tagClassName":"selected-item","checked":false,"label":"Manipur","value":"manipur","labels":["GEOGRAPHY"]},{"tagClassName":"selected-item","checked":false,"label":"Nagaland","value":"nagaland","labels":["GEOGRAPHY"]},{"tagClassName":"selected-item","checked":false,"label":"Mizoram","value":"mizoram","labels":["GEOGRAPHY"]},{"tagClassName":"selected-item","checked":false,"label":"Puducherry","value":"puducherry","labels":["GEOGRAPHY"]},{"tagClassName":"selected-item","checked":false,"label":"Odisha","value":"odisha","labels":["GEOGRAPHY"]},{"tagClassName":"selected-item","checked":false,"label":"Tripura","value":"tripura","labels":["GEOGRAPHY"]},{"tagClassName":"selected-item","checked":false,"label":"Uttar Pradesh","value":"uttar_pradesh","labels":["GEOGRAPHY"]},{"tagClassName":"selected-item","checked":false,"label":"Tamil Nadu","value":"tamil_nadu","labels":["GEOGRAPHY"]},{"tagClassName":"selected-item","checked":false,"label":"Telangana","value":"telangana","labels":["GEOGRAPHY"]},{"tagClassName":"selected-item","checked":false,"label":"Kerala","value":"kerala","labels":["GEOGRAPHY"]},{"tagClassName":"selected-item","checked":false,"label":"Lakshadweep","value":"lakshadweep","labels":["GEOGRAPHY"]},{"tagClassName":"selected-item","checked":false,"label":"West Bengal","value":"west_bengal","labels":["GEOGRAPHY"]},{"tagClassName":"selected-item","checked":false,"label":"Karnataka","value":"karnataka","labels":["GEOGRAPHY"]},{"tagClassName":"selected-item","checked":false,"label":"Goa","value":"goa","labels":["GEOGRAPHY"]},{"tagClassName":"selected-item","checked":false,"label":"Daman and Diu","value":"daman_and_diu","labels":["GEOGRAPHY"]},{"tagClassName":"selected-item","checked":false,"label":"Dadra and Nagar Haveli","value":"dadra_and_nagar_haveli","labels":["GEOGRAPHY"]},{"tagClassName":"selected-item","checked":false,"label":"Delhi","value":"delhi","labels":["GEOGRAPHY"]},{"tagClassName":"selected-item","checked":false,"label":"Himachal Pradesh","value":"himachal_pradesh","labels":["GEOGRAPHY"]},{"tagClassName":"selected-item","checked":false,"label":"Jammu and Kashmir","value":"jammu_and_kashmir","labels":["GEOGRAPHY"]},{"tagClassName":"selected-item","checked":false,"label":"Gujarat","value":"gujarat","labels":["GEOGRAPHY"]},{"tagClassName":"selected-item","checked":false,"label":"Haryana","value":"haryana","labels":["GEOGRAPHY"]},{"tagClassName":"selected-item","checked":false,"label":"Andhra Pradesh","value":"andhra_pradesh","labels":["GEOGRAPHY"]},{"tagClassName":"selected-item","checked":false,"label":"Andaman and Nicobar Islands","value":"andaman_and_nicobar_islands","labels":["GEOGRAPHY"]},{"tagClassName":"selected-item","checked":false,"label":"Chhattisgarh","value":"chhattisgarh","labels":["GEOGRAPHY"]},{"tagClassName":"selected-item","checked":false,"label":"Jharkhand","value":"jharkhand","labels":["GEOGRAPHY"]},{"tagClassName":"selected-item","checked":false,"label":"Chandigarh","value":"chandigarh","labels":["GEOGRAPHY"]},{"tagClassName":"selected-item","checked":false,"label":"Bihar","value":"bihar","labels":["GEOGRAPHY"]},{"tagClassName":"selected-item","checked":false,"label":"Assam","value":"assam","labels":["GEOGRAPHY"]},{"tagClassName":"selected-item","checked":false,"label":"Arunachal Pradesh","value":"arunachal_pradesh","labels":["GEOGRAPHY"]},{"tagClassName":"selected-item","checked":false,"label":"Uttarakhand","value":"uttarakhand","labels":["GEOGRAPHY"]}],"tagClassName":"selected-item","checked":false,"className":"parent-category","label":"India","value":"india","labels":["GEOGRAPHY"]},{"children":[{"tagClassName":"selected-item","checked":false,"label":"Macao","value":"macao","labels":["GEOGRAPHY"]}],"tagClassName":"selected-item","checked":false,"className":"parent-category","label":"China","value":"china","labels":["GEOGRAPHY"]},{"tagClassName":"selected-item","checked":false,"label":"Cambodia","value":"cambodia","labels":["GEOGRAPHY"]},{"tagClassName":"selected-item","checked":false,"label":"Brunei","value":"brunei","labels":["GEOGRAPHY"]},{"tagClassName":"selected-item","checked":false,"label":"Bhutan","value":"bhutan","labels":["GEOGRAPHY"]},{"tagClassName":"selected-item","checked":false,"label":"Bahrain","value":"bahrain","labels":["GEOGRAPHY"]},{"tagClassName":"selected-item","checked":false,"label":"Bangladesh","value":"bangladesh","labels":["GEOGRAPHY"]},{"tagClassName":"selected-item","checked":false,"label":"Afghanistan","value":"afghanistan","labels":["GEOGRAPHY"]},{"tagClassName":"selected-item","checked":false,"label":"Azerbaijan","value":"azerbaijan","labels":["GEOGRAPHY"]},{"tagClassName":"selected-item","checked":false,"label":"Armenia","value":"armenia","labels":["GEOGRAPHY"]},{"tagClassName":"selected-item","checked":false,"label":"Vietnam","value":"vietnam","labels":["GEOGRAPHY"]},{"tagClassName":"selected-item","checked":false,"label":"Uzbekistan","value":"uzbekistan","labels":["GEOGRAPHY"]}],"tagClassName":"selected-item","checked":false,"className":"parent-category","label":"Asia","value":"asia","labels":["GEOGRAPHY"]}]